<?xml version="1.0" encoding="ISO-8859-1"?>
<root>
	<item id="Title"><![CDATA[Discuz! Addon MD5]]></item>
	<item id="ID"><![CDATA[mobanbus_motev1.template]]></item>
	<item id="RevisionID"><![CDATA[79272]]></item>
	<item id="SN"><![CDATA[2020051009OtckMMmrIM]]></item>
	<item id="RevisionDateline"><![CDATA[1561360563]]></item>
	<item id="Data">
		<item id="/mobanbus_st/font/fontawesome-webfont.ttf"><![CDATA[8cca2f02b0af2da365ff4d1755f29146]]></item>
		<item id="/mobanbus_st/font/fontawesome-webfont.eot"><![CDATA[5ae23ad29b67289a1375d2043e289c52]]></item>
		<item id="/mobanbus_st/font/FontAwesome.otf"><![CDATA[8daab3c4f8252e0c3a3069ac0913b4a4]]></item>
		<item id="/mobanbus_st/font/fontawesome-webfont.woff"><![CDATA[b683029bafe0305ac2234038a03e1541]]></item>
		<item id="/mobanbus_st/font/fontawesome-webfont.svg"><![CDATA[f99a231ed57ee113b50b1c3e9f9fcdc3]]></item>
		<item id="/mobanbus_st/img/forum_new.gif"><![CDATA[fd3402d2d3d851a5c8cdd087796f4f9c]]></item>
		<item id="/mobanbus_st/img/icon_view.png"><![CDATA[fbd4ad77200db5ff202cba274ac0eac8]]></item>
		<item id="/mobanbus_st/img/mobanbus_tbg.png"><![CDATA[2cfd2450e1c6e51aed8fc8185571ef98]]></item>
		<item id="/mobanbus_st/img/bg_dp.png"><![CDATA[d516ced7a90d4ca8839c429a4b5fee3d]]></item>
		<item id="/mobanbus_st/img/ico02.png"><![CDATA[97f54e3788ee59140f910e8750d89593]]></item>
		<item id="/mobanbus_st/img/dot.png"><![CDATA[a80bdb17b84d0b8af18256398e9c98dd]]></item>
		<item id="/mobanbus_st/img/square.png"><![CDATA[ffc089b58246139987e2bf2629fc2b5e]]></item>
		<item id="/mobanbus_st/img/set2_b.png"><![CDATA[de75bb33362af0c1361e14ec5b66bc1c]]></item>
		<item id="/mobanbus_st/img/out_b.png"><![CDATA[2b2ea7b0853840b0c15f378f6da5f42a]]></item>
		<item id="/mobanbus_st/img/wallbg.jpg"><![CDATA[41dba5fc8a6b42f596c113f6a4a4fd98]]></item>
		<item id="/mobanbus_st/img/bus_bg02.jpg"><![CDATA[b64548324de6c5d3ed8b667780343f92]]></item>
		<item id="/mobanbus_st/img/common.png"><![CDATA[c1f0ebd515542c8ad453db110f454a4f]]></item>
		<item id="/mobanbus_st/img/bus_contitlebg.jpg"><![CDATA[351963adf14835f7ee17d0b5029671ae]]></item>
		<item id="/mobanbus_st/img/busnomsg.jpg"><![CDATA[b73ec3c66e315ca7648d0e9353496921]]></item>
		<item id="/mobanbus_st/img/bus_trade.png"><![CDATA[1eb89f3f970de58f62730d49e643865e]]></item>
		<item id="/mobanbus_st/img/bus_view.png"><![CDATA[2df21f13de32b18c5b9b6439bf5cdc3d]]></item>
		<item id="/mobanbus_st/img/ico05.png"><![CDATA[3ec3f2a3595f25e6676fd45ff661375a]]></item>
		<item id="/mobanbus_st/img/mbx.gif"><![CDATA[74415487b6cfd1585571dfd6657375ee]]></item>
		<item id="/mobanbus_st/img/bus_fourm_bg.png"><![CDATA[30dcd324e117b35b46d9caeea190fa4d]]></item>
		<item id="/mobanbus_st/img/forum.gif"><![CDATA[0f79756af5527b5e135024d6855522d9]]></item>
		<item id="/mobanbus_st/img/friend_b.png"><![CDATA[506d1ecc49bb54dced5567ae5ded97f2]]></item>
		<item id="/mobanbus_st/img/ico01.png"><![CDATA[5391459194ebd10101b68edb6b871322]]></item>
		<item id="/mobanbus_st/img/m-menu.png"><![CDATA[3b4f5d59f868977be99c82f2828a01e7]]></item>
		<item id="/mobanbus_st/img/bus_sign_top.png"><![CDATA[02d40beda92035ccc54af36d444b5c87]]></item>
		<item id="/mobanbus_st/img/folder_common.gif"><![CDATA[e297f398d31f38bf2ef2af8360a1e892]]></item>
		<item id="/mobanbus_st/img/yun_b.png"><![CDATA[6656f0bd803ea427f7346ebe2621a27f]]></item>
		<item id="/mobanbus_st/img/cls.gif"><![CDATA[497909ea087f682f677e2893a8cfbb26]]></item>
		<item id="/mobanbus_st/img/ico07.png"><![CDATA[fc24e5b237c1e702c878810fae489470]]></item>
		<item id="/mobanbus_st/img/bg.gif"><![CDATA[656daef3a0ca7e6e6589638d31aa205a]]></item>
		<item id="/mobanbus_st/img/doing_b.png"><![CDATA[de91eb1dd32b3508781966222e5b819c]]></item>
		<item id="/mobanbus_st/img/search_btn.png"><![CDATA[b27c2d2a7fb8fd239ff1f8a0430ed992]]></item>
		<item id="/mobanbus_st/img/folder.png"><![CDATA[3eb4de320a7890dd94e8b5b991f93cc6]]></item>
		<item id="/mobanbus_st/img/thread_b.png"><![CDATA[43e086274df5ac37a53f3d82361da5a4]]></item>
		<item id="/mobanbus_st/img/folder_new.gif"><![CDATA[20987c0d7ec2635f85a93fae1781f109]]></item>
		<item id="/mobanbus_st/img/bg1.gif"><![CDATA[36d68c254c1d919154bd013ec7c8abd8]]></item>
		<item id="/mobanbus_st/img/diy_b.png"><![CDATA[456e6fd34ac20e8380077ea5583c696d]]></item>
		<item id="/mobanbus_st/img/weixin.jpg"><![CDATA[a0fef473779f8ce6744d135c5817fd06]]></item>
		<item id="/mobanbus_st/img/bus_minnav.png"><![CDATA[8d9fca7f1e52b1240aae7e5a0abdfc4c]]></item>
		<item id="/mobanbus_st/img/views.png"><![CDATA[5178fe7e189206676dbd3ac7f5a48f3d]]></item>
		<item id="/mobanbus_st/img/vlineb.png"><![CDATA[b86dc02338d4572909b9252bdb543000]]></item>
		<item id="/mobanbus_st/img/popup-link.png"><![CDATA[561739d4a66b151ba44e06cd86d78ddd]]></item>
		<item id="/mobanbus_st/img/about01.jpg"><![CDATA[32751c571dad0c62cc32bd07dfc5259b]]></item>
		<item id="/mobanbus_st/img/about02.jpg"><![CDATA[9cbfa3bd6e9b9b9daf50c11f48873117]]></item>
		<item id="/mobanbus_st/img/address.jpg"><![CDATA[e2053a3823c102752dcc5574e6252944]]></item>
		<item id="/mobanbus_st/img/about03.jpg"><![CDATA[042a931f7f5588c6a1bfcbe124352f54]]></item>
		<item id="/mobanbus_st/img/3px.gif"><![CDATA[f30b20dad8c0f8f8ef656c10f640dedf]]></item>
		<item id="/mobanbus_st/img/loading.gif"><![CDATA[7de72a34117765104c85ff26c8ede391]]></item>
		<item id="/mobanbus_st/img/icon.png"><![CDATA[e33cc237f2b20f97629bae30aa6b1580]]></item>
		<item id="/mobanbus_st/img/5px.gif"><![CDATA[04bd839ca4b61a87652a31a00ba361fa]]></item>
		<item id="/mobanbus_st/img/busads.jpg"><![CDATA[c94a9b3a5aa4040eb149e3fda8db4298]]></item>
		<item id="/mobanbus_st/img/11px.png"><![CDATA[a4f0c7a6b9bbab763c21e49537023363]]></item>
		<item id="/mobanbus_st/img/nav_bgbus.png"><![CDATA[2e9a728c1388303cb94f6cd9b5025c74]]></item>
		<item id="/mobanbus_st/img/bbs_zd.png"><![CDATA[39f60eec48b368e7dd7e6bfb72ff3dc3]]></item>
		<item id="/mobanbus_st/img/title_feature.gif"><![CDATA[6c80943386dc9e0f3ec178a179e1a677]]></item>
		<item id="/mobanbus_st/img/bus_reply.png"><![CDATA[2afbb3b926d451b495b0f44fe4bfd1f7]]></item>
		<item id="/mobanbus_st/img/black.png"><![CDATA[bcf52f7d021280fda987bcfcb1bb7e53]]></item>
		<item id="/mobanbus_st/img/1px.png"><![CDATA[3ccb89d999c6ba1e8d45178ddd509578]]></item>
		<item id="/mobanbus_st/img/loading_1.gif"><![CDATA[16457fabd0d3acb97791665782277115]]></item>
		<item id="/mobanbus_st/img/set_b.png"><![CDATA[20475ce1518738f9325dd5799344d123]]></item>
		<item id="/mobanbus_st/img/folder_lock.gif"><![CDATA[c5d717c4c00a3a71a655822fc3c32dc8]]></item>
		<item id="/mobanbus_st/img/ico_gather3.png"><![CDATA[751e7cdde63185150d4fbf72e838bef8]]></item>
		<item id="/mobanbus_st/img/bus_slider.png"><![CDATA[e3893e37da658e42ea42217e9dd0fbf1]]></item>
		<item id="/mobanbus_st/img/favorite_b.png"><![CDATA[85cbd8376cab3d52eb30d37426cc07ad]]></item>
		<item id="/mobanbus_st/img/logo.png"><![CDATA[87d8aa11dcde42ab5dd0b17c5701f045]]></item>
		<item id="/mobanbus_st/img/folder_s.gif"><![CDATA[8585c737c6dcedd02b1e9fed0c565795]]></item>
		<item id="/mobanbus_st/img/pt.png"><![CDATA[e72ec1a0c19de42aa7067356b7928c59]]></item>
		<item id="/mobanbus_st/img/dot_right.png"><![CDATA[1bb85e7e0060a7b31f6f44669373d9d9]]></item>
		<item id="/mobanbus_st/img/connect-icons.png"><![CDATA[8cbd3c96de86283c11c537d38455c336]]></item>
		<item id="/mobanbus_st/img/pn_post.png"><![CDATA[83f707b7194a18bac45454ea8ef23b20]]></item>
		<item id="/mobanbus_st/img/bg_dot.png"><![CDATA[eefb7cf456cb09d7af97adf380a02843]]></item>
		<item id="/mobanbus_st/img/chart.png"><![CDATA[b0253de897e13ddd0d3e8fb6f28da35e]]></item>
		<item id="/mobanbus_st/img/hsz.png"><![CDATA[a7250da0790f4a568c32df2060e9fabc]]></item>
		<item id="/mobanbus_st/img/bus_rollbtn.png"><![CDATA[5b31ce3c2e8507293f0c38af28c6d93a]]></item>
		<item id="/mobanbus_st/img/ico03.png"><![CDATA[9858313a7928ec71491c28effa9714d0]]></item>
		<item id="/mobanbus_st/img/ico04.png"><![CDATA[f838bf8d2005456b6ca1614171d252cf]]></item>
		<item id="/mobanbus_st/img/bus_topbox.png"><![CDATA[fe437e06fe436c867cba72df8b55be88]]></item>
		<item id="/mobanbus_st/img/bus_tt_liner.gif"><![CDATA[f25de66ecfcba3edb7732dcca253d3af]]></item>
		<item id="/mobanbus_st/img/newsletter_line.png"><![CDATA[fa28ed1380d5dd72a6fcbac6a784c098]]></item>
		<item id="/mobanbus_st/img/ico06.png"><![CDATA[cefa46e17e8071db3f26f0653ca988c7]]></item>
		<item id="/mobanbus_st/img/social-media.png"><![CDATA[e92a232ae1f8081a58d03f3a58bf599a]]></item>
		<item id="/mobanbus_st/img/pl_t_fj.gif"><![CDATA[fc5ff906855c6c201e52d0883cd1cab4]]></item>
		<item id="/mobanbus_st/img/bus_arrows.png"><![CDATA[d8706c044aa52c7469873be47faa506a]]></item>
		<item id="/mobanbus_st/img/bus_bg.jpg"><![CDATA[350593abe5c8a700ed53cce2fdb38648]]></item>
		<item id="/mobanbus_st/img/about04.jpg"><![CDATA[955a0fb3c366abc40fe1568424fd456e]]></item>
		<item id="/mobanbus_st/img/mobanbus_TopBg.png"><![CDATA[13a1115d7cd9b067b9404487656e22aa]]></item>
		<item id="/mobanbus_st/img/check_btns.jpg"><![CDATA[61408ce74d2c4883b1fece918cafd6a5]]></item>
		<item id="/mobanbus_st/img/guan_b.png"><![CDATA[8c2a3b41e62a46d116964670bd9b5bdb]]></item>
		<item id="/mobanbus_st/img/scrolltop.png"><![CDATA[c91498871e1c60abb8223cfa450f4d7e]]></item>
		<item id="/mobanbus_st/img/bustopads1.jpg"><![CDATA[35de2d2e986b2d2de701d4ccfc1c759c]]></item>
		<item id="/mobanbus_st/img/bussortbg.jpg"><![CDATA[ce805e837bbd8dcd8fb0e70cbd950677]]></item>
		<item id="/mobanbus_st/img/bus_bg.gif"><![CDATA[656daef3a0ca7e6e6589638d31aa205a]]></item>
		<item id="/mobanbus_st/img/patter.png"><![CDATA[4569db9a9b6b6431e36db790e1bc3c9e]]></item>
		<item id="/mobanbus_st/img/home-icon.png"><![CDATA[da5573138467847763eeed26c5c335de]]></item>
		<item id="/mobanbus_st/img/pl_t_fav.gif"><![CDATA[829535fccddb40c921fe1e2479a2c986]]></item>
		<item id="/mobanbus_st/img/titleBg.png"><![CDATA[4ba1e4b9f389889b51bd2cf61be59ab1]]></item>
		<item id="/mobanbus_st/img/allico.gif"><![CDATA[742bfb788af0173c16cb0e4e75aa460a]]></item>
		<item id="/mobanbus_st/img/good.gif"><![CDATA[3dd0d95c77a6c341ab16f76f307ee310]]></item>
		<item id="/mobanbus_st/img/login.jpg"><![CDATA[a65bfb1f51d99b7b37f50fb22c10e942]]></item>
		<item id="/mobanbus_st/img/folder_hot.gif"><![CDATA[de6e1d4847e2ae226d93ab10f8b15aef]]></item>
		<item id="/mobanbus_st/img/arrwd.png"><![CDATA[8c53af7257fb41d6934dd235be0835f4]]></item>
		<item id="/mobanbus_st/img/searchbg.jpg"><![CDATA[e84d0769a90cf2d5163ca804e9078de4]]></item>
		<item id="/mobanbus_st/img/forum/bk_bg.jpg"><![CDATA[2b503b4f1b0479b66f9dab32d4277560]]></item>
		<item id="/mobanbus_st/img/forum/common_27_icon.png"><![CDATA[331f39bdbabd9546ebd9d53c52d5160d]]></item>
		<item id="/mobanbus_st/img/forum/common_63_icon.png"><![CDATA[a40a0c5e4bf1c4b38a1c56b9c8edf971]]></item>
		<item id="/mobanbus_st/img/forum/common_2_icon.gif"><![CDATA[8a33d2ad08f5747786e992d9062254dc]]></item>
		<item id="/mobanbus_st/img/forum/common_4_icon.png"><![CDATA[a40a0c5e4bf1c4b38a1c56b9c8edf971]]></item>
		<item id="/mobanbus_st/img/forum/common_39_icon.png"><![CDATA[3889fd35aefea27796192fb990c58d6d]]></item>
		<item id="/mobanbus_st/img/forum/common_19_icon.png"><![CDATA[641bb79216f0e4f1f9c300381f139ca8]]></item>
		<item id="/mobanbus_st/img/forum/common_26_icon.png"><![CDATA[8211bd82df8e82c4299f28db2c3aba49]]></item>
		<item id="/mobanbus_st/img/forum/common_58_icon.png"><![CDATA[81c33f92a4057aa104b56d13a2743d4b]]></item>
		<item id="/mobanbus_st/img/forum/common_36_icon.png"><![CDATA[d4e88276c5ad31e83f1c176c836d2a83]]></item>
		<item id="/mobanbus_st/img/forum/common_45_icon.gif"><![CDATA[e0c1812cca69b6b56fd876e078e6e57c]]></item>
		<item id="/mobanbus_st/img/forum/common_37_icon.png"><![CDATA[f139c3f2cc445324c50cb4221e9fe4f0]]></item>
		<item id="/mobanbus_st/img/forum/common_38_icon.png"><![CDATA[31d474b9b0e22b03cb5f1a43f0e00f3d]]></item>
		<item id="/mobanbus_st/img/forum/common_28_icon.png"><![CDATA[217f9dec21291227fd5f8f7c5d24344f]]></item>
		<item id="/mobanbus_st/img/forum/Thumbs.db"><![CDATA[ee54f3054e7ddf3d4e18ed1e4340b765]]></item>
		<item id="/mobanbus_st/img/forum/common_37_icon.gif"><![CDATA[cb7488a3bfb481e45b2699fc1b207609]]></item>
		<item id="/mobanbus_st/img/forum/common_40_icon.png"><![CDATA[77ff08d305cf62be6089080fd67290af]]></item>
		<item id="/mobanbus_st/img/forum/common_38_icon.gif"><![CDATA[f371f03cd87b78fa953830aec5209ebe]]></item>
		<item id="/mobanbus_st/img/forum/common_49_icon.gif"><![CDATA[abfd0c2bd18bd15099bf5bc5e6be7c04]]></item>
		<item id="/mobanbus_st/img/forum/common_307_icon.png"><![CDATA[5813ed18e841829fcb9da2071e95b414]]></item>
		<item id="/mobanbus_st/img/forum/common_46_icon.gif"><![CDATA[f404a9c7b2ee49ef7a2b5ee059b934c5]]></item>
		<item id="/mobanbus_st/img/forum/common_2_icon.png"><![CDATA[707169e1c65acdc53989f2ecc2666dd5]]></item>
		<item id="/mobanbus_st/img/forum/common_36_icon.gif"><![CDATA[0a79bb19e78a03f3e4127ad4eadfa13a]]></item>
		<item id="/mobanbus_st/img/forum/common_44_icon.gif"><![CDATA[5850871c6a63115e8b51151bec2861ff]]></item>
		<item id="/mobanbus_st/img/forum/common_43_icon.gif"><![CDATA[8525c9e2666152ed58ad80dca9142262]]></item>
		<item id="/mobanbus_st/img/forum/common_42_icon.gif"><![CDATA[086ed15826f4cc64337b2dd4e728db17]]></item>
		<item id="/mobanbus_st/img/forum/common_50_icon.gif"><![CDATA[a75b67dc9572d5a6cf44e017d67b6ae8]]></item>
		<item id="/mobanbus_st/img/forum/common_41_icon.gif"><![CDATA[8de3d1ece5f0bfe6a7856dcc30f9efc2]]></item>
		<item id="/mobanbus_st/img/forum/common_31_icon.png"><![CDATA[047e9d7a1b17e9e817c200444ddae1e6]]></item>
		<item id="/mobanbus_st/img/forum/common_23_icon.png"><![CDATA[a14fba12d69029dfd753fee7188027ae]]></item>
		<item id="/mobanbus_st/img/forum/common_47_icon.gif"><![CDATA[06b9c0e79bb8d8be3a94a4703985629c]]></item>
		<item id="/mobanbus_st/img/forum/common_51_icon.gif"><![CDATA[247e33a3b16d22567355efef6e5f143a]]></item>
		<item id="/mobanbus_st/img/pn_reply.png"><![CDATA[9ed1780391b3880bd27787ecb39a14cf]]></item>
		<item id="/mobanbus_st/img/bus-imgshadow.png"><![CDATA[6bca4c504056e49d76f7f6f14285cb7f]]></item>
		<item id="/mobanbus_st/img/task_b.png"><![CDATA[9599bb3430f0ce9baebf24f5d8ecbbc8]]></item>
		<item id="/mobanbus_st/js/mobanbusslider.js"><![CDATA[164750e227681123cca8d8508a0d8de6]]></item>
		<item id="/mobanbus_st/js/mobanbus_pace.js"><![CDATA[56e9a8b8f1d63f8875ab3be5858ddf7f]]></item>
		<item id="/mobanbus_st/js/mobanbus_ajax.min.js"><![CDATA[ccca7574c9731a00aad8509210bfbe5c]]></item>
		<item id="/mobanbus_st/js/DD_belatedPNG_0.0.8a.js"><![CDATA[56578b420e56a25d5721a4a15fabc5c5]]></item>
		<item id="/mobanbus_st/js/jQuery.js"><![CDATA[623452969b968aa7f761665722d7fd74]]></item>
		<item id="/mobanbus_st/js/mobanbus.js"><![CDATA[a2fffc3ff1b8b37486b20112875605f0]]></item>
		<item id="/mobanbus_st/js/mobanbusjs.js"><![CDATA[fd7d790d635a9eb13de748f01089621a]]></item>
		<item id="/mobanbus_st/js/js_lib.js"><![CDATA[099db00f443be43206f5544e3b34d805]]></item>
		<item id="/mobanbus_st/js/mobanbus_fixed.js"><![CDATA[c6f74b8c93cacf9d663605e083a0e037]]></item>
		<item id="/mobanbus_st/js/jquery.infinitescroll.js"><![CDATA[739acbbac81d3858ccf990bf76bb15fc]]></item>
		<item id="/mobanbus_st/js/jquery.masonry.js"><![CDATA[8b5be2003f57d2ddadf23c728153c5c3]]></item>
		<item id="/mobanbus_st/js/mobanbus_lazy.js"><![CDATA[75842e4e4442d6c6a976bd56a2b7dc58]]></item>
		<item id="/mobanbus_st/css/mobanbus.min.css"><![CDATA[206a947bc0e4c8051d03cef3adb18a97]]></item>
		<item id="/mobanbus_st/css/buttons.css"><![CDATA[b4b26cbdf16080fd94fbb9ecc2272bda]]></item>
		<item id="/mobanbus_st/css/animate.min.css"><![CDATA[6d1ac6b8d10bebff68bb2d5822bf5885]]></item>
		<item id="/php/index_ajax.php"><![CDATA[8c149cdadf25ef8ec3921902ccf2d949]]></item>
		<item id="/search/header.php"><![CDATA[275a0192643f7292c123983375370ba0]]></item>
		<item id="/search/thread_list.php"><![CDATA[abca7d3f3b0441575b62afdefb9d2597]]></item>
		<item id="/search/forum.php"><![CDATA[d8f4f5fee0b1caab682d3246a6e6079e]]></item>
		<item id="/search/group.htm"><![CDATA[8db5061665b5a887258dc9c42dd17afe]]></item>
		<item id="/search/footer.htm"><![CDATA[e433c34de988fa9b359acfe8dcaaf7ee]]></item>
		<item id="/search/portal.htm"><![CDATA[fcef6aa02e8f0691b8f5da715e9c81c2]]></item>
		<item id="/search/blog_list.htm"><![CDATA[bdc1f59506fecae78d67657440d8c584]]></item>
		<item id="/search/collection_list.htm"><![CDATA[7a3f2b9b081024dd91b057ae04d117f2]]></item>
		<item id="/search/sortoption.htm"><![CDATA[51e6de6f0783d769894c22b93f8a094f]]></item>
		<item id="/search/group_list.htm"><![CDATA[38404dd2b5f39005af8a1066b48529c6]]></item>
		<item id="/search/blog.htm"><![CDATA[ceacc17188960dcd02644f3a976d923c]]></item>
		<item id="/search/pubsearch.php"><![CDATA[97c114942b84ff3b976b895d8dc93148]]></item>
		<item id="/search/portal_list.htm"><![CDATA[8d68ce30fe23628b79d94f79a01f22a7]]></item>
		<item id="/search/album_list.htm"><![CDATA[e47f9090550c21f2bdeb322e86f04422]]></item>
		<item id="/search/forum_adv.htm"><![CDATA[92c5126ad3bf3f47d1f9ba444d423183]]></item>
		<item id="/search/collection.htm"><![CDATA[dcbbea545bcb4889d701b0ca875e7d3a]]></item>
		<item id="/search/album.htm"><![CDATA[d3135b5784bff069a0d2673650c8dbd2]]></item>
		<item id="/touch/search/thread_list.php"><![CDATA[d11bf0ca4fc2851e20432a385a301721]]></item>
		<item id="/touch/search/forum.php"><![CDATA[d29331625755342c1167ca5457f4d745]]></item>
		<item id="/touch/search/pubsearch.php"><![CDATA[cf0afff51d3fe26662d24fdacd61db47]]></item>
		<item id="/touch/portal/index.php"><![CDATA[70a78e477ff9196ff5428ec10ff8ecb4]]></item>
		<item id="/touch/portal/viereply.php"><![CDATA[13fccabfd09c5643c555aabcfa02a89a]]></item>
		<item id="/touch/portal/view.php"><![CDATA[3819c3e73209d0199122a606a7c095a3]]></item>
		<item id="/touch/portal/comment.php"><![CDATA[ff7a41caff12e2e2a5e6b00163b5a4c7]]></item>
		<item id="/touch/portal/portalcp_article.htm"><![CDATA[1db712fdf734bb0cc6811c3652585cc2]]></item>
		<item id="/touch/portal/list.php"><![CDATA[b819a389a6acddb60770cfccd258cdc7]]></item>
		<item id="/touch/portal/portalcp_comment.php"><![CDATA[0584063be53f4d8852746c2d5275fd26]]></item>
		<item id="/touch/portal/portal_comment.php"><![CDATA[8857848464ac65b09da2b2eaf32f0005]]></item>
		<item id="/touch/portal/comment_li.php"><![CDATA[3da33532b148db9f37c7085ada95f152]]></item>
		<item id="/touch/common/seccheck.php"><![CDATA[5d140593f56ad109fda6fd1d8cf4c4bb]]></item>
		<item id="/touch/common/header.php"><![CDATA[f2a92f336164de73daada1ca3a0e7a0e]]></item>
		<item id="/touch/common/upload.htm"><![CDATA[5cc657e1c5421b08957f9912e2f40e3d]]></item>
		<item id="/touch/common/header_space.php"><![CDATA[ee5db79d66d1eab247e6686b25812962]]></item>
		<item id="/touch/common/showmessage.htm"><![CDATA[89c24b8cde59ed9885b7eb1a5864d2ed]]></item>
		<item id="/touch/common/header_ajax.htm"><![CDATA[3f84349f5b5107b1ec966cd254be3a03]]></item>
		<item id="/touch/common/editor.htm"><![CDATA[1bb1a460b431f8771bd6fafd5029af42]]></item>
		<item id="/touch/common/editor_menu.htm"><![CDATA[5a76642f17fee02554c70d01a6bcc37e]]></item>
		<item id="/touch/common/seditor.htm"><![CDATA[8ae85046bc6431c0b7594c144a33f493]]></item>
		<item id="/touch/common/header_min.php"><![CDATA[bdbf2dec60c9bf2c487a596dd73ce8dd]]></item>
		<item id="/touch/common/footer.php"><![CDATA[d2bb9ef2fd86f81ab67df38af1f5c5ca]]></item>
		<item id="/touch/common/footer_ajax.htm"><![CDATA[dcecf9502c1ceadebea0ae4c229d3364]]></item>
		<item id="/touch/tag/tag.php"><![CDATA[51ef91e3f3a0b4988d757588c5b6cdff]]></item>
		<item id="/touch/tag/tagitem.php"><![CDATA[f5744faa678d4e2617819291d765dcf8]]></item>
		<item id="/touch/home/space_profile.php"><![CDATA[8df21b9bcd7eb4667d00c8dc136b738b]]></item>
		<item id="/touch/home/space_favorite.php"><![CDATA[4e1e6bb0eb037c78a02697d8e2e2e5c2]]></item>
		<item id="/touch/home/spacecp_credit_base.php"><![CDATA[b9d1cfc4d910b74aa6f488ed5c35d39b]]></item>
		<item id="/touch/home/spacecp_credit_header.php"><![CDATA[42d7a7fe7e05493e79d690827d02302e]]></item>
		<item id="/touch/home/spacecp_album.htm"><![CDATA[ee9cf7a640c2eff50922abf446461d84]]></item>
		<item id="/touch/home/spacecp_favorite.php"><![CDATA[c687535c24d76db8ddef549a1836117d]]></item>
		<item id="/touch/home/space_head.php"><![CDATA[b326427193af44bdd9d1b34323851c60]]></item>
		<item id="/touch/home/spacecp_upload.php"><![CDATA[7f05616a972f04479f164087e3274e31]]></item>
		<item id="/touch/home/spacecp_profile.php"><![CDATA[7e1117e5c24e4f9caf0b5478b94df36b]]></item>
		<item id="/touch/home/space_notice.php"><![CDATA[4ccf121dcc682ef3d82e953cb2988a86]]></item>
		<item id="/touch/home/space_comment_li.php"><![CDATA[484732a9c9353ec80435d1e861456768]]></item>
		<item id="/touch/home/spacecp_friend.php"><![CDATA[4a632ca8e47d10411f58a62086c0203b]]></item>
		<item id="/touch/home/space_click.php"><![CDATA[79bf1bef78324160034b3b2907c5aac0]]></item>
		<item id="/touch/home/spacecp_credit_log.php"><![CDATA[5110d4ff39f84400806525795d947dcb]]></item>
		<item id="/touch/home/space_friend_nav.htm"><![CDATA[72f15f23e3cb5b17497b3b57951359d2]]></item>
		<item id="/touch/home/space_friend.php"><![CDATA[37e65eb2daf6bee8af4a1948044f67f4]]></item>
		<item id="/touch/home/spacecp_credit_action.php"><![CDATA[3b58066831b133290e47f0838ff6147e]]></item>
		<item id="/touch/home/spacecp_header.htm"><![CDATA[3368d5fbfc40368c95e75c747b162f5f]]></item>
		<item id="/touch/home/space_pm.php"><![CDATA[ea521c1d0af04ba96b1a18a44233cf4d]]></item>
		<item id="/touch/home/space_feed_li.htm"><![CDATA[0ee5fb771c2f977cb5ce76d86c80c2d9]]></item>
		<item id="/touch/home/spacecp_profile_nav.php"><![CDATA[f08f252e236f5c01c84be40c5408d576]]></item>
		<item id="/touch/home/space_pm_node.php"><![CDATA[24ac0af3fdc4eb4a541f6c06527dd8e3]]></item>
		<item id="/touch/home/spacecp_pm.php"><![CDATA[c0505a901e41a81dc91da2e26614e43c]]></item>
		<item id="/touch/home/space_thread.php"><![CDATA[9aeb4324d09280fb6f5655dc1c2a97e8]]></item>
		<item id="/touch/home/spacecp_usergroup.php"><![CDATA[dba64170f8377d4d6160bd0951516660]]></item>
		<item id="/touch/home/space_userabout.php"><![CDATA[bf57d1a7326f5835bc9f31081fd84802]]></item>
		<item id="/touch/home/space_prompt_nav.php"><![CDATA[e7e5b43585a9dbea7ee2e4a5b642f156]]></item>
		<item id="/touch/home/spacecp_friend.htm"><![CDATA[9f7e2861cb2283cb52470353862c8b2f]]></item>
		<item id="/touch/index.htm"><![CDATA[d41d8cd98f00b204e9800998ecf8427e]]></item>
		<item id="/touch/member/register.php"><![CDATA[56d25f54fd058ae7fb626d17553a0eae]]></item>
		<item id="/touch/member/login.php"><![CDATA[99ff03eb00863a691dab4d19b7c96a62]]></item>
		<item id="/touch/forum/post_attachlimit.htm"><![CDATA[6570210b5bd53a37f5a0f800de6f68a5]]></item>
		<item id="/touch/forum/post_editor_attribute.htm"><![CDATA[cb8aecf0b35fd992c0583bf2e3feefcf]]></item>
		<item id="/touch/forum/post_sortoption.php"><![CDATA[16395912fd12017da2a5f80375a0ff9f]]></item>
		<item id="/touch/forum/post_editor_extra.htm"><![CDATA[7ae819d96592b5e3ab542d9ff7dc374f]]></item>
		<item id="/touch/forum/viewthread_trade.htm"><![CDATA[a11a9819ad15fca292bf7c56f2751f3a]]></item>
		<item id="/touch/forum/viewthread_node.php"><![CDATA[d63b1406e5cce16aa1326f54a847302c]]></item>
		<item id="/touch/forum/viewthread_busphoto.php"><![CDATA[9d07facc770e1b535a408176d0e13d96]]></item>
		<item id="/touch/forum/modcp.htm"><![CDATA[5f8c09a7f6691cbcca41cf9f3301889f]]></item>
		<item id="/touch/forum/ajax_imagelist.htm"><![CDATA[cc984985c522d73f18e25911c4e28469]]></item>
		<item id="/touch/forum/forumdisplay_sort.php"><![CDATA[2f927c69532f52fe12b00e1a4a7cf909]]></item>
		<item id="/touch/forum/viewthread_bussort.php"><![CDATA[2f40b5b3c731091fc97a2e47c2e5bf9d]]></item>
		<item id="/touch/forum/bus_viewpost.php"><![CDATA[ba80ac91edeff8ac74cc16a03dc07b97]]></item>
		<item id="/touch/forum/guide.php"><![CDATA[3a60e8ee1b4888b12ae308ae39a81c2b]]></item>
		<item id="/touch/forum/forumdisplay_fastpost.php"><![CDATA[42a3a12a93171dec54baad244006172d]]></item>
		<item id="/touch/forum/pay.php"><![CDATA[843c78d94919c30eae51d6b323327de4]]></item>
		<item id="/touch/forum/viewthread_poll.php"><![CDATA[5bc6233ca7c7402fa5da8d5fac38d8da]]></item>
		<item id="/touch/forum/search_sortoption.php"><![CDATA[d20f2d04f7fe5f495d5b5536da62a44c]]></item>
		<item id="/touch/forum/topicadmin.htm"><![CDATA[a8aa894029d40650aa514c474796c30d]]></item>
		<item id="/touch/forum/post.php"><![CDATA[e4334c5b1befdac83cd8e4518949a049]]></item>
		<item id="/touch/forum/forumdisplay_pay.htm"><![CDATA[c0c072f9ee2f4305b75fc8c52c13fe12]]></item>
		<item id="/touch/forum/ajax_attachlist.htm"><![CDATA[e6cb220cce3d87e7a4446eb4ed054189]]></item>
		<item id="/touch/forum/modcp_login.htm"><![CDATA[ff4c1729e4f7919d45676f185c07d83c]]></item>
		<item id="/touch/forum/seccheck_post.htm"><![CDATA[3441971790ebe9cad4ff407f8c6dd4e5]]></item>
		<item id="/touch/forum/viewthread_pay.php"><![CDATA[cdc91d86235966ef24bfb2825887deb6]]></item>
		<item id="/touch/forum/viewthread_album.php"><![CDATA[79a544f9bbab726eac17105d5fa89092]]></item>
		<item id="/touch/forum/modcp_member.htm"><![CDATA[7a6deeaa03ed7b44a835e7c1bdd90a10]]></item>
		<item id="/touch/forum/attachpay.php"><![CDATA[5af516d82f1d5dc7b3dffd82b1f44cbb]]></item>
		<item id="/touch/forum/upload.php"><![CDATA[4c2baa6e6f9aa6138157c2347ed51e27]]></item>
		<item id="/touch/forum/post_forumselect.php"><![CDATA[36dbe1d7831e8e5701db1d8fc90b56a5]]></item>
		<item id="/touch/forum/viewthread_reward.php"><![CDATA[d4a8ae7c5fecc116ca5fd34cb6785948]]></item>
		<item id="/touch/forum/viewthread_debate.htm"><![CDATA[7885019a95bdd820d28c0376bd165fd3]]></item>
		<item id="/touch/forum/discuz.php"><![CDATA[fdffd61a79a6813180f67d202cdcc95f]]></item>
		<item id="/touch/forum/editor_menu_forum.htm"><![CDATA[95cf3aa4df6f624220af78460b8272b6]]></item>
		<item id="/touch/forum/guide_list_row.php"><![CDATA[b2b5ec32bc0eda0ed24e65485bd3a937]]></item>
		<item id="/touch/forum/index.htm"><![CDATA[d41d8cd98f00b204e9800998ecf8427e]]></item>
		<item id="/touch/forum/forumdisplay.php"><![CDATA[208464996bca22da76620dfc69346ba1]]></item>
		<item id="/touch/forum/forumdisplay_passwd.htm"><![CDATA[9ea00cec1b55a43c7f25fc48ac66286b]]></item>
		<item id="/touch/forum/viewthread_activity.php"><![CDATA[c51c80b55ead716171781a260e764b59]]></item>
		<item id="/touch/forum/topicadmin_action.htm"><![CDATA[4f536e3552c37d67cc956bca23d71dfe]]></item>
		<item id="/touch/forum/discuzcode.htm"><![CDATA[d42533aaf14120e6ff38872aad6b935f]]></item>
		<item id="/touch/forum/post_editor_body.htm"><![CDATA[8ca0d244e49e2bbb3add3a6eb02c53e6]]></item>
		<item id="/touch/forum/viewthread.php"><![CDATA[c23ec25493cf4f23fea2cc0dc3c331c0]]></item>
		<item id="/touch/forum/post1.php"><![CDATA[e76eff25d735a49ee1a6ed648d65c315]]></item>
		<item id="/portal/index.php"><![CDATA[83d292583aaedf96dd9cb44eaa3865c7]]></item>
		<item id="/portal/view_new.htm"><![CDATA[6db2ffc0595b539af267804044cfefb3]]></item>
		<item id="/portal/list_new.htm"><![CDATA[404c6c3d1157472c16c9a349cad8ec00]]></item>
		<item id="/common/pubsearchform.php"><![CDATA[0022879c9e17d348c770c69d171c982f]]></item>
		<item id="/common/forum_moderator.css"><![CDATA[652990da1c02b8d3dd39751c1cd5df9e]]></item>
		<item id="/common/header.php"><![CDATA[787967a95c0bc911180f57ffef84daa0]]></item>
		<item id="/common/extend_common.css"><![CDATA[de52739b54a1033b7beb99f548f3daee]]></item>
		<item id="/common/extend_module.css"><![CDATA[e15b9754d63882da39e959a3bb792a9a]]></item>
		<item id="/common/widthauto.css"><![CDATA[c630766d1e8ba5b91f7e2d5a92bb8e27]]></item>
		<item id="/common/header_common.htm"><![CDATA[9bbd38ebae4cf4bb702b5e0c8fedc2df]]></item>
		<item id="/common/seditor.htm"><![CDATA[87da3defc50fd48638be2b1f085a063a]]></item>
		<item id="/common/footer.php"><![CDATA[6947fc7eeb32e364bece8e6e49d8e565]]></item>
		<item id="/tag/tag.php"><![CDATA[e46baf73b2f14550d02f120401e470a1]]></item>
		<item id="/tag/tagitem.php"><![CDATA[6afecd6f050d95effb70540abaff27b4]]></item>
		<item id="/discuz_style_motev1.xml"><![CDATA[43d9c2ea98bd74201216596d12fc9e21]]></item>
		<item id="/preview_large.jpg"><![CDATA[e98dc650dd84f1f000cf9cf7181dd27f]]></item>
		<item id="/member/register.php"><![CDATA[e001293f7902ed244ce7d9b14598d1b6]]></item>
		<item id="/member/getpasswd.htm"><![CDATA[082ea59206f18e26752474e4f7f89b3e]]></item>
		<item id="/member/login.php"><![CDATA[c007a0a52892fa8943624cdd9610caaf]]></item>
		<item id="/member/login_simple.htm"><![CDATA[8c03540906a485367438c4d822536b18]]></item>
		<item id="/preview.jpg"><![CDATA[7b6130e1699715247cf3fade3f06960e]]></item>
		<item id="/group/type.htm"><![CDATA[d39fc79040445b29b3376ec399974577]]></item>
		<item id="/group/group.htm"><![CDATA[364782dac7deb35c60b253df7b3ce6ff]]></item>
		<item id="/group/group_recommend.htm"><![CDATA[5f8a0d1da19adcd221b0dd4e41ac2a74]]></item>
		<item id="/group/group_create.htm"><![CDATA[4970cbef220cd0dd4ad81342522ab52c]]></item>
		<item id="/group/group_invite.htm"><![CDATA[74e7d8f2cf18f22c4e0684c8e18f96b6]]></item>
		<item id="/group/group_manage.htm"><![CDATA[563cb779faff6fdbbc0e09613cd3ed9b]]></item>
		<item id="/group/group_index.htm"><![CDATA[51b901b3cc294c226a1ad18e202b93e9]]></item>
		<item id="/group/group_list.htm"><![CDATA[95ca343ce010d2eb2c20026738541d34]]></item>
		<item id="/group/group_memberlist.htm"><![CDATA[62a4bf899728125588e840e8e30fb907]]></item>
		<item id="/group/group_attentiongroup.htm"><![CDATA[6456a143ef61f2e0b0755e43e6f65017]]></item>
		<item id="/group/group_my.htm"><![CDATA[3c66d37a235c7477732f97aee86cbb5b]]></item>
		<item id="/group/group_right.htm"><![CDATA[38f4b62b67af13e82f22dd1c8139e6f7]]></item>
		<item id="/group/index.htm"><![CDATA[27d24cab4eafa65c027d1e140204704c]]></item>
		<item id="/mobile_st/font/fontawesome-webfont.ttf"><![CDATA[8cca2f02b0af2da365ff4d1755f29146]]></item>
		<item id="/mobile_st/font/fontawesome-webfont.eot"><![CDATA[5ae23ad29b67289a1375d2043e289c52]]></item>
		<item id="/mobile_st/font/FontAwesome.otf"><![CDATA[8daab3c4f8252e0c3a3069ac0913b4a4]]></item>
		<item id="/mobile_st/font/fontawesome-webfont.woff"><![CDATA[b683029bafe0305ac2234038a03e1541]]></item>
		<item id="/mobile_st/font/fontawesome-webfont.svg"><![CDATA[f99a231ed57ee113b50b1c3e9f9fcdc3]]></item>
		<item id="/mobile_st/img/more_btn.png"><![CDATA[78028d856e9bd2845b1b164c3bdcc9a1]]></item>
		<item id="/mobile_st/img/busloginbg.jpg"><![CDATA[a84ecd3d1a5eb819b91f9fd68af30ee1]]></item>
		<item id="/mobile_st/img/forum_new.gif"><![CDATA[fd3402d2d3d851a5c8cdd087796f4f9c]]></item>
		<item id="/mobile_st/img/m-search.png"><![CDATA[da313857814383fbf58a7e3d8f583138]]></item>
		<item id="/mobile_st/img/bg_dp.png"><![CDATA[d516ced7a90d4ca8839c429a4b5fee3d]]></item>
		<item id="/mobile_st/img/ico_2.png"><![CDATA[fe0e69f0da41e50680fe5e30f77f897a]]></item>
		<item id="/mobile_st/img/ico_4.png"><![CDATA[b36b89aa31452b54188da43d62674841]]></item>
		<item id="/mobile_st/img/dot.png"><![CDATA[a80bdb17b84d0b8af18256398e9c98dd]]></item>
		<item id="/mobile_st/img/ico_6.png"><![CDATA[e2fb51c282e1ded0ded7b4780f3d101e]]></item>
		<item id="/mobile_st/img/square.png"><![CDATA[ffc089b58246139987e2bf2629fc2b5e]]></item>
		<item id="/mobile_st/img/wechatbus.png"><![CDATA[019164babf482d6b9e250cf4d93387c7]]></item>
		<item id="/mobile_st/img/busnomsg.jpg"><![CDATA[c517178a0346524234967fcacbd56f05]]></item>
		<item id="/mobile_st/img/mbx.gif"><![CDATA[74415487b6cfd1585571dfd6657375ee]]></item>
		<item id="/mobile_st/img/busvipcard.jpg"><![CDATA[80d9770e5e2c0ab8cf78df7660a57285]]></item>
		<item id="/mobile_st/img/bus_fourm_bg.png"><![CDATA[b1de75c8f7365721db0312285ba18ca2]]></item>
		<item id="/mobile_st/img/list_shadow.png"><![CDATA[0cfdd3aa5b35ba299538ca5143c518c1]]></item>
		<item id="/mobile_st/img/forum.gif"><![CDATA[0f79756af5527b5e135024d6855522d9]]></item>
		<item id="/mobile_st/img/login_bg4.jpg"><![CDATA[be297b55e71e61ccd3362e04af4d1dd8]]></item>
		<item id="/mobile_st/img/folder_common.gif"><![CDATA[e297f398d31f38bf2ef2af8360a1e892]]></item>
		<item id="/mobile_st/img/cls.gif"><![CDATA[497909ea087f682f677e2893a8cfbb26]]></item>
		<item id="/mobile_st/img/search_btn.png"><![CDATA[b27c2d2a7fb8fd239ff1f8a0430ed992]]></item>
		<item id="/mobile_st/img/folder.png"><![CDATA[3eb4de320a7890dd94e8b5b991f93cc6]]></item>
		<item id="/mobile_st/img/folder_new.gif"><![CDATA[20987c0d7ec2635f85a93fae1781f109]]></item>
		<item id="/mobile_st/img/weixin.jpg"><![CDATA[a0fef473779f8ce6744d135c5817fd06]]></item>
		<item id="/mobile_st/img/busclose.png"><![CDATA[0cbcbf024bf57a31051047a9040f6cd0]]></item>
		<item id="/mobile_st/img/vlineb.png"><![CDATA[b86dc02338d4572909b9252bdb543000]]></item>
		<item id="/mobile_st/img/ico_8.png"><![CDATA[1a8a3f1a953e54df7fac4ff47f167522]]></item>
		<item id="/mobile_st/img/login_bg3.jpg"><![CDATA[349b8f6626af1934fe093ee3a2951ac7]]></item>
		<item id="/mobile_st/img/ico_1.png"><![CDATA[383833b2424850ce50712f40cabd0e58]]></item>
		<item id="/mobile_st/img/3px.gif"><![CDATA[f30b20dad8c0f8f8ef656c10f640dedf]]></item>
		<item id="/mobile_st/img/login_bg2.jpg"><![CDATA[4527b97240e320db82efc73e3f377cc3]]></item>
		<item id="/mobile_st/img/bus_slide_w.png"><![CDATA[a856d16fa2da2712799b0326e7a0f465]]></item>
		<item id="/mobile_st/img/bus_slide_d.png"><![CDATA[0580236a360b92c9164735dfdb5eb4ad]]></item>
		<item id="/mobile_st/img/loading.gif"><![CDATA[7de72a34117765104c85ff26c8ede391]]></item>
		<item id="/mobile_st/img/kat.jpg"><![CDATA[a6e840323227fbc245541320c098c9d6]]></item>
		<item id="/mobile_st/img/ico_5.png"><![CDATA[458b650497df979e75d97f38469ad1e1]]></item>
		<item id="/mobile_st/img/5px.png"><![CDATA[a1c1496b93a058ce1eca58b283643f90]]></item>
		<item id="/mobile_st/img/icon.png"><![CDATA[e33cc237f2b20f97629bae30aa6b1580]]></item>
		<item id="/mobile_st/img/5px.gif"><![CDATA[3be6cdbeb5585ebb6dbbb0a3f55c55ec]]></item>
		<item id="/mobile_st/img/bus_light_bg02.jpg"><![CDATA[657b5870fe0a96bd5afde414a5dac8a8]]></item>
		<item id="/mobile_st/img/bus_header_bg.png"><![CDATA[8a41a825f5f39d03c14b77641e63dad3]]></item>
		<item id="/mobile_st/img/bbs_zd.png"><![CDATA[39f60eec48b368e7dd7e6bfb72ff3dc3]]></item>
		<item id="/mobile_st/img/black.png"><![CDATA[bcf52f7d021280fda987bcfcb1bb7e53]]></item>
		<item id="/mobile_st/img/1px.png"><![CDATA[711fab2e427e4bb33d23dc3116933756]]></item>
		<item id="/mobile_st/img/ico_7.png"><![CDATA[3549400caaa6700670f01bc6d0f7f4a0]]></item>
		<item id="/mobile_st/img/folder_lock.gif"><![CDATA[c5d717c4c00a3a71a655822fc3c32dc8]]></item>
		<item id="/mobile_st/img/mobanbus_listbg.jpg"><![CDATA[372f071b3911d5028d8b34932e2b7138]]></item>
		<item id="/mobile_st/img/login_bg1.jpg"><![CDATA[63de26f1109e5975e8eca3c1e600bd97]]></item>
		<item id="/mobile_st/img/ico_gather3.png"><![CDATA[751e7cdde63185150d4fbf72e838bef8]]></item>
		<item id="/mobile_st/img/login_bg.jpg"><![CDATA[3e863e4d87507a8c9c323e4bad670a4c]]></item>
		<item id="/mobile_st/img/logo.png"><![CDATA[5c7ca7eb4c54a9b447c5125d2d003a7a]]></item>
		<item id="/mobile_st/img/folder_s.gif"><![CDATA[8585c737c6dcedd02b1e9fed0c565795]]></item>
		<item id="/mobile_st/img/mobanbus_alum_userinfo.jpg"><![CDATA[4b987a0d11182a272f32af1d84ba45d9]]></item>
		<item id="/mobile_st/img/pt.png"><![CDATA[e72ec1a0c19de42aa7067356b7928c59]]></item>
		<item id="/mobile_st/img/bus_alum_userinfo.jpg"><![CDATA[350593abe5c8a700ed53cce2fdb38648]]></item>
		<item id="/mobile_st/img/connect-icons.png"><![CDATA[8cbd3c96de86283c11c537d38455c336]]></item>
		<item id="/mobile_st/img/bus_light_bg01.jpg"><![CDATA[32383f3e2eb2ad3797b6cdb44400bf90]]></item>
		<item id="/mobile_st/img/pn_post.png"><![CDATA[83f707b7194a18bac45454ea8ef23b20]]></item>
		<item id="/mobile_st/img/chart.png"><![CDATA[b0253de897e13ddd0d3e8fb6f28da35e]]></item>
		<item id="/mobile_st/img/hsz.png"><![CDATA[a7250da0790f4a568c32df2060e9fabc]]></item>
		<item id="/mobile_st/img/qqlogin.png"><![CDATA[6d8b59289d429601c787f5fa872875b7]]></item>
		<item id="/mobile_st/img/zy.gif"><![CDATA[036badf7d740a6588df95865e57349f7]]></item>
		<item id="/mobile_st/img/footer_bottom_bg.png"><![CDATA[10cd040bcef67851a007aa4d34c2a12a]]></item>
		<item id="/mobile_st/img/sidebar-bg-grass.png"><![CDATA[c9de08087ae646caf6eda0a92863146d]]></item>
		<item id="/mobile_st/img/login_bg5.jpg"><![CDATA[0df90f208cfebd44d05d1a9035626897]]></item>
		<item id="/mobile_st/img/social-media.png"><![CDATA[e92a232ae1f8081a58d03f3a58bf599a]]></item>
		<item id="/mobile_st/img/bus_bg.jpg"><![CDATA[bb102e1271a0fac6ef00a6c574594a85]]></item>
		<item id="/mobile_st/img/bus_lbg.jpg"><![CDATA[9df600487fe97aae42b18af635a60cd8]]></item>
		<item id="/mobile_st/img/bus_vipgroup_head.jpg"><![CDATA[e17cf06f6f9c675b37cd74e915b243fd]]></item>
		<item id="/mobile_st/img/raster.png"><![CDATA[3ccb89d999c6ba1e8d45178ddd509578]]></item>
		<item id="/mobile_st/img/atc1.jpg"><![CDATA[ac36cb872004cd024d3027e07fd686e5]]></item>
		<item id="/mobile_st/img/ico_3.png"><![CDATA[3ecf3d02d1240c724f92ffaa5d201ae4]]></item>
		<item id="/mobile_st/img/icoqq.png"><![CDATA[cefa46e17e8071db3f26f0653ca988c7]]></item>
		<item id="/mobile_st/img/bus_bg.gif"><![CDATA[656daef3a0ca7e6e6589638d31aa205a]]></item>
		<item id="/mobile_st/img/bus_user_d.png"><![CDATA[37f46aa758cf2c42cd0bb0648ce1bdca]]></item>
		<item id="/mobile_st/img/home-icon.png"><![CDATA[da5573138467847763eeed26c5c335de]]></item>
		<item id="/mobile_st/img/titleBg.png"><![CDATA[4ba1e4b9f389889b51bd2cf61be59ab1]]></item>
		<item id="/mobile_st/img/allico.gif"><![CDATA[7908f41d9142c6fc8bed82a0862ecce6]]></item>
		<item id="/mobile_st/img/good.gif"><![CDATA[3dd0d95c77a6c341ab16f76f307ee310]]></item>
		<item id="/mobile_st/img/bus_user_w.png"><![CDATA[3342ec8d033f59aacbde7223585984b3]]></item>
		<item id="/mobile_st/img/folder_hot.gif"><![CDATA[de6e1d4847e2ae226d93ab10f8b15aef]]></item>
		<item id="/mobile_st/img/busnomsg.png"><![CDATA[51caf6cd9ff2c5b41f8e5d6d2fb1d8b3]]></item>
		<item id="/mobile_st/img/forum/bk_bg.jpg"><![CDATA[2b503b4f1b0479b66f9dab32d4277560]]></item>
		<item id="/mobile_st/img/forum/common_27_icon.png"><![CDATA[331f39bdbabd9546ebd9d53c52d5160d]]></item>
		<item id="/mobile_st/img/forum/common_63_icon.png"><![CDATA[a40a0c5e4bf1c4b38a1c56b9c8edf971]]></item>
		<item id="/mobile_st/img/forum/common_2_icon.gif"><![CDATA[8a33d2ad08f5747786e992d9062254dc]]></item>
		<item id="/mobile_st/img/forum/common_4_icon.png"><![CDATA[a40a0c5e4bf1c4b38a1c56b9c8edf971]]></item>
		<item id="/mobile_st/img/forum/common_39_icon.png"><![CDATA[3889fd35aefea27796192fb990c58d6d]]></item>
		<item id="/mobile_st/img/forum/common_19_icon.png"><![CDATA[641bb79216f0e4f1f9c300381f139ca8]]></item>
		<item id="/mobile_st/img/forum/common_26_icon.png"><![CDATA[8211bd82df8e82c4299f28db2c3aba49]]></item>
		<item id="/mobile_st/img/forum/common_58_icon.png"><![CDATA[81c33f92a4057aa104b56d13a2743d4b]]></item>
		<item id="/mobile_st/img/forum/common_36_icon.png"><![CDATA[d4e88276c5ad31e83f1c176c836d2a83]]></item>
		<item id="/mobile_st/img/forum/common_45_icon.gif"><![CDATA[e0c1812cca69b6b56fd876e078e6e57c]]></item>
		<item id="/mobile_st/img/forum/common_37_icon.png"><![CDATA[f139c3f2cc445324c50cb4221e9fe4f0]]></item>
		<item id="/mobile_st/img/forum/common_38_icon.png"><![CDATA[31d474b9b0e22b03cb5f1a43f0e00f3d]]></item>
		<item id="/mobile_st/img/forum/common_28_icon.png"><![CDATA[217f9dec21291227fd5f8f7c5d24344f]]></item>
		<item id="/mobile_st/img/forum/common_37_icon.gif"><![CDATA[cb7488a3bfb481e45b2699fc1b207609]]></item>
		<item id="/mobile_st/img/forum/common_40_icon.png"><![CDATA[77ff08d305cf62be6089080fd67290af]]></item>
		<item id="/mobile_st/img/forum/common_38_icon.gif"><![CDATA[f371f03cd87b78fa953830aec5209ebe]]></item>
		<item id="/mobile_st/img/forum/common_49_icon.gif"><![CDATA[abfd0c2bd18bd15099bf5bc5e6be7c04]]></item>
		<item id="/mobile_st/img/forum/common_307_icon.png"><![CDATA[5813ed18e841829fcb9da2071e95b414]]></item>
		<item id="/mobile_st/img/forum/common_46_icon.gif"><![CDATA[f404a9c7b2ee49ef7a2b5ee059b934c5]]></item>
		<item id="/mobile_st/img/forum/common_2_icon.png"><![CDATA[707169e1c65acdc53989f2ecc2666dd5]]></item>
		<item id="/mobile_st/img/forum/common_36_icon.gif"><![CDATA[0a79bb19e78a03f3e4127ad4eadfa13a]]></item>
		<item id="/mobile_st/img/forum/common_44_icon.gif"><![CDATA[5850871c6a63115e8b51151bec2861ff]]></item>
		<item id="/mobile_st/img/forum/common_43_icon.gif"><![CDATA[8525c9e2666152ed58ad80dca9142262]]></item>
		<item id="/mobile_st/img/forum/common_42_icon.gif"><![CDATA[086ed15826f4cc64337b2dd4e728db17]]></item>
		<item id="/mobile_st/img/forum/common_50_icon.gif"><![CDATA[a75b67dc9572d5a6cf44e017d67b6ae8]]></item>
		<item id="/mobile_st/img/forum/common_41_icon.gif"><![CDATA[8de3d1ece5f0bfe6a7856dcc30f9efc2]]></item>
		<item id="/mobile_st/img/forum/common_31_icon.png"><![CDATA[047e9d7a1b17e9e817c200444ddae1e6]]></item>
		<item id="/mobile_st/img/forum/common_23_icon.png"><![CDATA[a14fba12d69029dfd753fee7188027ae]]></item>
		<item id="/mobile_st/img/forum/common_47_icon.gif"><![CDATA[06b9c0e79bb8d8be3a94a4703985629c]]></item>
		<item id="/mobile_st/img/forum/common_51_icon.gif"><![CDATA[247e33a3b16d22567355efef6e5f143a]]></item>
		<item id="/mobile_st/img/pn_reply.png"><![CDATA[9ed1780391b3880bd27787ecb39a14cf]]></item>
		<item id="/mobile_st/img/bus-imgshadow.png"><![CDATA[6bca4c504056e49d76f7f6f14285cb7f]]></item>
		<item id="/mobile_st/img/login_bg6.jpg"><![CDATA[213c02def5ace7903f43bef651d98455]]></item>
		<item id="/mobile_st/img/bus_jb.png"><![CDATA[b1de75c8f7365721db0312285ba18ca2]]></item>
		<item id="/mobile_st/js/mobanbus_scroll.js"><![CDATA[1a2e4c51d6bbbdc9e2fb7a1f29ecfa9e]]></item>
		<item id="/mobile_st/js/CuSunV4set.xml"><![CDATA[9d094c9f3a4ed074ecb37ee24a369efe]]></item>
		<item id="/mobile_st/js/mobanbus-wtf.js"><![CDATA[dbc0bff9e2b7d8268b6f8cf8cb2ee402]]></item>
		<item id="/mobile_st/js/mobanbus_slider.js"><![CDATA[eab7abf7809f4bacde7a0884e3d565a7]]></item>
		<item id="/mobile_st/js/mobanbus_ajax.min.js"><![CDATA[984a58b3d03fd94cd01d0b2b7398b202]]></item>
		<item id="/mobile_st/js/touchScroll.js"><![CDATA[1a748a3d2674c3228073097f6a8178e5]]></item>
		<item id="/mobile_st/js/touchslider.dev.js"><![CDATA[b3532a5269d19a4d9e994e0004f96cea]]></item>
		<item id="/mobile_st/js/common.js"><![CDATA[447908095978ccdc35f0b61270698911]]></item>
		<item id="/mobile_st/js/jQuery.js"><![CDATA[623452969b968aa7f761665722d7fd74]]></item>
		<item id="/mobile_st/js/action.js"><![CDATA[371cc4e3e4b6a8493364233c9d4408df]]></item>
		<item id="/mobile_st/js/photoswipe.min.js"><![CDATA[db521521ea90663f3ec5b82f2a1f7634]]></item>
		<item id="/mobile_st/js/mobanbusjs.js"><![CDATA[164beba21c32c9c8cbea87fcf3c1f1ea]]></item>
		<item id="/mobile_st/js/mobanbus_moder.js"><![CDATA[7a9ad736fcbd8d99ac7cb282e48f492d]]></item>
		<item id="/mobile_st/js/js_lib.js"><![CDATA[099db00f443be43206f5544e3b34d805]]></item>
		<item id="/mobile_st/js/mobanbus_classie.js"><![CDATA[a9df1cfb76ce492afd9d13f3320272fd]]></item>
		<item id="/mobile_st/js/jquery172.js"><![CDATA[acc0adc6c188845a409bf158d2de4451]]></item>
		<item id="/mobile_st/js/jquery.form.js"><![CDATA[b10304885028b376d5a3eb4be4466280]]></item>
		<item id="/mobile_st/js/photoswipe-ui-default.min.js"><![CDATA[936136db59a47830f1f9690621c38c31]]></item>
		<item id="/mobile_st/js/jquery-1.8.3.min.js"><![CDATA[e1288116312e4728f98923c79b034b67]]></item>
		<item id="/mobile_st/js/player.swf"><![CDATA[2b194f656517871874d636d7e5381974]]></item>
		<item id="/mobile_st/js/CuSunX1.min.js"><![CDATA[3639c0fc9be5cffbe1de1cb1980ede22]]></item>
		<item id="/mobile_st/js/jquery.panelslider.js"><![CDATA[ffa75f18637be145e34a629b621a73f3]]></item>
		<item id="/mobile_st/js/common_m.js"><![CDATA[0b6ab7acf3a5be8d3676ca834d675837]]></item>
		<item id="/mobile_st/js/mobanbus_lazy.js"><![CDATA[da5ae03de1fd052282f2cffb2fe042d6]]></item>
		<item id="/mobile_st/js/mobanbus_swiper.js"><![CDATA[cabdd76e521b31cec9589102858f42e3]]></item>
		<item id="/mobile_st/css/images/dialog_bg.png"><![CDATA[f5b424b5ee1cb6dd226c4658f164f94b]]></item>
		<item id="/mobile_st/css/images/icon_arrow.png"><![CDATA[4d13459fead9cf5ad64995ca86f1d380]]></item>
		<item id="/mobile_st/css/images/icon_num.png"><![CDATA[716cc45727a8cc5f013192b3341cae49]]></item>
		<item id="/mobile_st/css/images/icon_arrow.gif"><![CDATA[4c865266460f1b637ee426e3638d817e]]></item>
		<item id="/mobile_st/css/images/exit_on.png"><![CDATA[aa211378905eff6d31406708d87afcde]]></item>
		<item id="/mobile_st/css/images/icon_back.png"><![CDATA[9fabbdf170ad31a63056ff7aa5c415a9]]></item>
		<item id="/mobile_st/css/images/icon_img.png"><![CDATA[ebd715b1437dfdcce392808cac73a71c]]></item>
		<item id="/mobile_st/css/images/icon_del.png"><![CDATA[5e18a57ffae45116de35f3cb3e012eaa]]></item>
		<item id="/mobile_st/css/images/nav_b_line.png"><![CDATA[76395bd5e03ebb3dc8884773ae7267e7]]></item>
		<item id="/mobile_st/css/images/dialog_t.png"><![CDATA[0cdba7b938574a4435a7e5bf52c6264e]]></item>
		<item id="/mobile_st/css/images/icon_top.png"><![CDATA[ae49a05c0d765d7c212f7a37d9b9898a]]></item>
		<item id="/mobile_st/css/images/qqlogintext.png"><![CDATA[15da1c769088e226aef68ad2ca7f3b58]]></item>
		<item id="/mobile_st/css/images/header_bg.jpg"><![CDATA[e843d5d4d9e21fb0d4ef1e1fcba7d37f]]></item>
		<item id="/mobile_st/css/images/login.png"><![CDATA[fddbe361c66d61ee2bc0b1f5a1728dc3]]></item>
		<item id="/mobile_st/css/images/icon_load.gif"><![CDATA[fe041c8fde52f7429839c24f022609f7]]></item>
		<item id="/mobile_st/css/images/titlebg.png"><![CDATA[c10372783b0b76cfbccc215c7192c296]]></item>
		<item id="/mobile_st/css/images/collect.png"><![CDATA[e6da72b85fa162b0a89b170900c8c639]]></item>
		<item id="/mobile_st/css/images/button_bg2.png"><![CDATA[fce7589baf2999ff015a84f5eb3d5fd3]]></item>
		<item id="/mobile_st/css/images/icon_reply.png"><![CDATA[73ba58f85b4da73b537490453d97f0dd]]></item>
		<item id="/mobile_st/css/images/icon_close_g.png"><![CDATA[8459b0df5e5a7052601d85b5d4abba11]]></item>
		<item id="/mobile_st/css/images/button_bg.png"><![CDATA[7a7ebcd908f437ce615db7db9c100e6e]]></item>
		<item id="/mobile_st/css/images/qqlogin_on.png"><![CDATA[a228bc738f68101154309a397f2b3aa9]]></item>
		<item id="/mobile_st/css/images/icon.png"><![CDATA[f88917369afe53d4d4b4e6272ae9456c]]></item>
		<item id="/mobile_st/css/images/dialog_b.png"><![CDATA[48bb078d470384ebf3cfb29727f48b59]]></item>
		<item id="/mobile_st/css/images/collapsed_no.png"><![CDATA[ee6d149e64fe32eb13dfccb2cfdd1812]]></item>
		<item id="/mobile_st/css/images/icon_more.png"><![CDATA[85e1fc5b17245e4dbb896b69e6cac94c]]></item>
		<item id="/mobile_st/css/images/my_subject_bg151.png"><![CDATA[beef1674ed7474d9d8f1c5bbc0278dbd]]></item>
		<item id="/mobile_st/css/images/logo.png"><![CDATA[3a7d3aa44b14c2cc6862e94e52209f29]]></item>
		<item id="/mobile_st/css/images/btn_s_bg.png"><![CDATA[dfc23e7dbf715e9dcb28d7245f242199]]></item>
		<item id="/mobile_st/css/images/icon_tu.png"><![CDATA[23266a21d274cabd223e592dbe2cecf7]]></item>
		<item id="/mobile_st/css/images/icon_arrow_down.png"><![CDATA[02b281616469285cd77a2f977510d943]]></item>
		<item id="/mobile_st/css/images/my_subject_bg.png"><![CDATA[a33d81f1500cec17289c5a919346e24e]]></item>
		<item id="/mobile_st/css/images/qqlogin.png"><![CDATA[6d8b59289d429601c787f5fa872875b7]]></item>
		<item id="/mobile_st/css/images/icon_msg.png"><![CDATA[911fbd6517e71f52a39e15a5e0e7fca5]]></item>
		<item id="/mobile_st/css/images/reply.png"><![CDATA[61ae14b51740b69ace7414f2a4c2e60a]]></item>
		<item id="/mobile_st/css/images/button_bg.gif"><![CDATA[02607f00bf4d70aa42a06274f9d2c251]]></item>
		<item id="/mobile_st/css/images/exit.png"><![CDATA[a0d8729b883e2c5b8b611e6552477264]]></item>
		<item id="/mobile_st/css/images/arrow_top.png"><![CDATA[2cb34cb357ad6a7e21b27f3281a54879]]></item>
		<item id="/mobile_st/css/images/collapsed_yes.png"><![CDATA[fef4517934e3d8e95f9c225b1784a16a]]></item>
		<item id="/mobile_st/css/images/avatar_m_bg.png"><![CDATA[115077bb2c5a432b8f0191beff295ff8]]></item>
		<item id="/mobile_st/css/images/pic_select.png"><![CDATA[6a02c2787d51386a16e22f464cf6d5ca]]></item>
		<item id="/mobile_st/css/images/login_on.png"><![CDATA[7eb25924aee0213f70da9dbca87a9e51]]></item>
		<item id="/mobile_st/css/images/icon_digest.png"><![CDATA[7f7c00e8576d056779a84edd449309f4]]></item>
		<item id="/mobile_st/css/images/pic_bg.jpg"><![CDATA[7c0c89523903addcad9d3197950d5979]]></item>
		<item id="/mobile_st/css/images/icon_photo.png"><![CDATA[28293d04ad7dd7ecb25df543840aa67a]]></item>
		<item id="/mobile_st/css/images/icon_close.png"><![CDATA[4aa0abc546ac0242fe351e6ed7c70670]]></item>
		<item id="/mobile_st/css/default-skin.css"><![CDATA[28b73ccaaccf6a0d6aea8cf455d596cd]]></item>
		<item id="/mobile_st/css/mobanbus.min.css"><![CDATA[206a947bc0e4c8051d03cef3adb18a97]]></item>
		<item id="/mobile_st/css/mobanbus_motev1_st.css"><![CDATA[1ce0cae793fbd3ee4f49c81c7e7796d8]]></item>
		<item id="/mobile_st/css/animate.min.css"><![CDATA[6d1ac6b8d10bebff68bb2d5822bf5885]]></item>
		<item id="/mobile_st/css/styles.css"><![CDATA[e70550c99394e83c6032fcae12306037]]></item>
		<item id="/mobile_st/css/swiper.min.css"><![CDATA[2603e9c21c62042a0e965d6430da7f19]]></item>
		<item id="/mobile_st/css/photoswipe.css"><![CDATA[4618ffd8956157de74e6fac59a196f39]]></item>
		<item id="/mobile_st/css/default-skin.svg"><![CDATA[b257fa9c5ac8c515ac4d77a667ce2943]]></item>
		<item id="/mobile_st/css/default-skin.png"><![CDATA[e3f799c6dec9af194c86decdf7392405]]></item>
		<item id="/forum/viewthread_node.php"><![CDATA[89b4f469e8afd92eb05f7a57c2c1ed10]]></item>
		<item id="/forum/forumdisplay_list.php"><![CDATA[80dfbd36e7052541a6ca2bfda758bd3d]]></item>
		<item id="/forum/forumdisplay_leftside.php"><![CDATA[0d22400f26b6e7ac6181dc4f7786323d]]></item>
		<item id="/forum/collection_index.php"><![CDATA[5a82f564c055d5bde2a4df82fc3fbffb]]></item>
		<item id="/forum/guide.php"><![CDATA[e0f596b3aa3d4465aea0333d5a5bc58e]]></item>
		<item id="/forum/forumdisplay_fastpost.php"><![CDATA[795f450a5fb6240c36050784ee947791]]></item>
		<item id="/forum/search_sortoption.php"><![CDATA[b758b255b80f358a2057568eaeb2fc05]]></item>
		<item id="/forum/collection_mycollection.php"><![CDATA[dfcc120531955cb1d0b2b570244f701c]]></item>
		<item id="/forum/trade_info.htm"><![CDATA[7e3b4cda6b64dc6d7750e68e40d513a0]]></item>
		<item id="/forum/viewthread_node_body_top.php"><![CDATA[48258893f3309bdc5265af83b25fa011]]></item>
		<item id="/forum/collection_all.php"><![CDATA[fc06ef9539b0ad61ee0be1336bd74f88]]></item>
		<item id="/forum/forumdisplay_subforum.php"><![CDATA[c25dc4353b1cd322fb0e6b6e59fd5fd1]]></item>
		<item id="/forum/viewthread_node_top.php"><![CDATA[23ae12643aa07cf4bc87e3921b74a4c5]]></item>
		<item id="/forum/viewthread_fastpost.php"><![CDATA[0824c4d878a5e29935bf73554af09a04]]></item>
		<item id="/forum/trade_info.php"><![CDATA[eb90075efad2325a6e6bc790f5c1702b]]></item>
		<item id="/forum/viewthread_trade.php"><![CDATA[4a8f02ee03387969250c0d0f47395dbc]]></item>
		<item id="/forum/discuz.php"><![CDATA[985eb0bc14175c75b1c89c6045adbba7]]></item>
		<item id="/forum/guide_list_row.php"><![CDATA[f00ba7188f5be380e62ddddae98617c6]]></item>
		<item id="/forum/forumdisplay.php"><![CDATA[aa80a04229dc4c1d415f7fea4e50dab0]]></item>
		<item id="/forum/forumdisplay_sort.htm"><![CDATA[bd55f788f5954a153a69497971d0e841]]></item>
		<item id="/forum/viewthread_node_body.php"><![CDATA[ec4953aaff5b9e9b42101cfd9fb8403a]]></item>
		<item id="/forum/forumdisplay_busyt.php"><![CDATA[b2e9de579598821fad10b64c5b9ae01a]]></item>
		<item id="/forum/viewthread.php"><![CDATA[efc0d33377c847dec82b4b5219e668d2]]></item>
	</item>
</root>